WATTRANGE,hameau,Tarchamps,199B
Moulin de Aresdorff,moulin,Bilsdorf,200B
Moulin de Pourdorf,moulin,Bilsdorf,200B
Bs D'HOLTZ,bois,Wolwelange,200B
Clomus,etang,Perl,201B
Bs DE PERL,bois,Perl,201B
Belscht,bois,Roodt,201B
NIDERSTEN BUSCH,bois,Roodt,201B
TZER BUSCH,bois,Petit Norbressart,201B
HOUSCHTE,bois,Petit Norbressart,201B
LA SAUVAGE,hameau,Rodange,204B
TITE BERG,montagne,Rodange,204B
BOIS HACHIVILLE,bois,Hachiville,218A
BOIS D'HOFFELT,bois,Hoffelt,218A
SCHUCKLEY,montagne,Oberbeslingen,218B
Eichelsberg,Feld,Biwange,218B
BOIS DE BIWANGE,Bois,Biwange,218B
WEILER,hameau,Hoffelt,218B
STEINKOHL,montagne,Biwange,218B
RODISCH,montagne,Biwange,218B
Anbach,heide,Holdingen,218B
HOUSCHTE,bois,Niederbeslingen,218B
Aitelknop,montagne,Niederbeslingen,218B
Elberknop,montagne,Wulferdange,218B
GOEDINGEN,hameau,Wulferdange,218B
HOLDINGEN,hameau,Niederbeslingen,218B
AUF DEM KNOP,montagne,Wulferdange,218B
TELM,montagne,Wulferdange,218B
UHRENBERG,feld,Wulferdange,218B
WOLFS BUSCH,forêt,Wulferdange,218B
SITTISCH BERG,rochette,Troisvierges,218B
HOFFELTBERG,feld,Troisvierges,218B
AUF DEM BLEIEL,feld,Troisvierges,218B
HARTWALD,forêt,Binsfeld,218B
BIRCKEN,montagne,Binsfeld,218B
PIEREN BERGH,montagne,Crendal,219A
Neu Muhlen,mill,Crendal,219A
BEY DIE STRINGT,montagne,Crendal,219A
TOMELLE,montagne,Crendal,219A
Muhlen Veyer,etang,Hamiville,219A
Hardt,heide,Allerborn,219A
HAUDENKNOPF,montagne,Allerborn,219A
Artte Baum,tree,Derenbach,219A
Bs DE FALL,bois,Brachtenbach,219A
Koessel,rocher,Niederwampach,219A
STEINKOHL,montagne,Asselborn,219B
Loures Muhl,mill,Asselborn,219B
RODISCH,montagne,Asselborn,219B
DEIFFELZ,hameau,Doningen,219B
SUGER BERG,montagne,Lullange,219B
SCHINDBERG,montagne,Lullange,219B
B DE BOHARD,bois,Bogen,219B
WALSCHET BERG,montagne,Bogen,219B
VATIGE,montagne,Boxhorn,219B
BESCHETTE,bois,Boxhorn,219B
BIRCKEN,montagne,Boxhorn,219B
HEIDT,montagne,Reuler,219B
BIERHARD,bois,Clervaux,219B
MECHER,hameau,Weicherdinen,219B
OBHART,montagne,Munshausen,219B
Katz Teller Haff,hameau,Drauffelt,219B
KEMMEL BERG,montagne,Drauffelt,219B
POLLER KNAP,montagne,Drauffelt,219B
OB SCHANS,montagne,Drauffelt,219B
W de Schleif,bois,Grumelscheid,220A
GERSTHECH,bois,Grumelscheid,220A
DRACKE,hameau,Grumelscheid,220A
Bs dE FALL,bois,Brachtenbach,220A
Cse de Schart,hameau,Eschweiler,220A
HILSCHEIT,montagne,Wieseler,220A
Scheid,montagne,Wieseler,220A
PAPIERKNOPF,montagne,Niderwiltz,220A
Moulin de Wieseler,moulin,Niderwiltz,220A
Fouderie,,Niderwiltz,220A
Papetrie,,Niderwiltz,220A
GEHEILOCH,montagne,Nothum,220A
DINKEROTH,village,Mecher,220A
Moulin d'Eschweiler,moulin,Eschweiler,220B
RAMMERICH,bois,Erpeldange,220B
STAYKEMPGEN,montagne,Weidingen,220B
STAYKEMPGEN,bois,Weidingen,220B
Racher Katzenlaey,fels,Wiltz,220B
Bs DE SCHUTTBURG,bois,Merkholtz,220B
GRAWELER,bois,Nocher,220B
GROSSEN BUSCH,bois,Nocher,220B
WELSCHEIT,montagne,Nocher,220B
AUF HERMISCHBACH,montagne,Nocher,220B
HOCHACK,montagne,Nocher,220B
Mgne de PRÜM,montagne,Dahl,220B
NIDERHIEGT,bois,Bocholtz,220B
Moulin de Bocholtz,moulin,Bocholtz,220B
Ringeller hoff,clos,Bocholtz,220B
MASSELERBERG,Heide,Bocholtz,220B
Masseler hoff,clos,Bocholtz,220B
DEN HAHL,bois,Bocholtz,220B
EISCHET,montagne,Kautenbach,220B
Bs DE HEIT,bois,Kautenbach,220B
GESSEEKT,montagne,Kautenbach,220B
OBER SCHNITGEN,montagne,Kautenbach,220B
Schutburg,chateau,Alscheidt,220B
Kamerhoff,hameau,Alscheidt,220B
Bourfeld,hameau,Liefrange,221A
Moulin de Lifting,moulin,Liefrange,221A
Oberst Meuland,fouderie,Esch sur Sure,221A
INNENWEG,montagne,Esch sur Sure,221A
DALHECK,montagne,Esch sur Sure,221A
SURLAHAG,montagne,Eschdorf,221A
Moulin d'Eschdorf,moulin,Eschdorf,221A
BRUTTERT,hameau,Rindschleiden,221A
Bs DE RAMBROUCH,bois,Schwiedelbrouch,221A
Moulin Esch,moulin,Esch sur Sure,221B
RINCK,montagne,Esch sur Sure,221B
BRACKENBUSCH,bois,Esch sur Sure,221B
HEIDERSCHEIDGRUND,bois,Esch sur Sure,221B
BAUMBUSCH,bois,Esch sur Sure,221B
PUTZBUSCH,bois,Eschdorf,221B
ALTEKIRCK,montagne,Heiderscheid,221B
ALTENBUSCH,bois,Heiderscheid,221B
Moulin de Tatteler,moulin,Tadler,221B
RINGEL,hameau,Tadler,221B
KATZEN BERG,montagne,Tadler,221B
BROCKWALT,bois,Tadler,221B
RINDERKOPF,montagne,Tadler,221B
Rinder Bach,fleuve,Tadler,221B
KRAIELIGT,montagne,Kehmen,221B
SCHEIDEL,hameau,Kehmen,221B
LANTSCHENKOP,montagne,Kehmen,221B
FELER HECK,bois,Kehmen,221B
IUNGE WALD,bois,Merscheid,221B
KLEINDORR,montagne,Merscheid,221B
ROSKNOP,montagne,Merscheid,221B
HAMERICH,bois,Merscheid,221B
DELLERWALD,bois,Dellen,221B
MERZIGERWALD,bois,Niedermertzig,221B
BANHOLTZ,bois,Niederfeulen,221B
KOCHERT,montagne,Oberfeulen,221B
ESCHET,hameau,Folschette,222A
Bs DE SEITERT,bois,Hostert,222A
HELLERICH,bois,Lannen,222A
SCHLOSZBUSCH,bois,Ell,222A
STEIVES BUSCH,bois,Ell,222A
HONIG BUSCH,bois,Ell,222A
QUEQUENBUSCH,bois,Redange-sur-Attert,222A
SEITERT,bois,Redange-sur-Attert,222A
Moulin d'Everlange,moulin,Reichling,222A
HOE BUSCH,bois,Reichling,222A
Moulin de Niderpallen,moulin,Reichling,222A
Bs DE RIPPWEILER,bois,Rippweiler,222A
KOCHERT,montagne,Obermertzig,222B
SCITTER,bois,Obermertzig,222B
LATTEBACH,bois,Obermertzig,222B
Bs DE GEIG,bois,Vichten,222B
BONNERT,bois,Vichten,222B
ELLENBERG,montagne,Boevange-sur-Attert,222B
BEILGEN,bois,Boevange-sur-Attert,222B
Finsterthal,Barraques,Boevange-sur-Attert,222B
Helper,feld auf Berg,Buschdorf,222B
DUDLING,hameau,Oberpallen,223A
KAOLLENBERG,montagne,Beckerich,223A
KAOLLENBERG,bois,Beckerich,223A
Moulin de Beckerich,moulin,Beckerich,223A
Reiffert,maison,Septfontaines,223A
Bs DE CLAIRE FONTAINE,bois,Eischen,223A
ARCKENBUSCH,bois,Eischen,223A
LEITER BUSCH,bois,Eischen,223A
LANG HECK,bois,Eischen,223A
HOBSCHEID,hameau,Eischen,223A
KIRCH BERG,montagne,Eischen,223A
Bs DE KOERICH,bois,Koerich,223A
Moulin de Calmes,moulin,Calmes,223B
EHNER,hameau,Calmes,223B
Moulins de Brouch,moulin,Brouch,223B
RECKINGEN WALD,bois,BROUCH,223B
KOERISCHER DRIESCH,bois,Koerich,224A
KOERISCHER HEYDE,heide,Koerich,224A
Grasser haff,hameau,Kahler,224A
ROOS BERG,montagne,Kahler,224A
Grasser Weyer,eau,Kahler,224A
Bs DE CLEMANCY,bois,Kahler,224A
FINGICHER WALD,bois,Fingig,224A
Bs DE CLEMANCY,bois,Clemancy,224A
Bs DE LINGER,bois,Linger,224A
Bs D'OBERKERSCHEN,bois,Oberkerschen,224A
BOMMELBUSCH,bois,Niederkerschen,224A
Bs DE SCHOUWEILLER,bois,Schouweiler,224A
Klein Bevingen,hameau,Hivange,224A
Groos Bevingen,hameau,Hivange,224A
CAPELLEN,hameau,Olm,224B
KAAP,hameau,Olm,224B
LO BUSCH,bois,Garnich,224B
Bs DE SPRINKINGEN,bois,Dippach,224B
HECK BUSCH,bois,Dippach,224B
Dauffert Hof,hameau,Dippach,224B
HARTBUSCH,bois,Dippach,224B
Niedert,hameau,Dippach,224B
Findels hoff,hameau,Bertrange,224B
Lorens Scheyer,hameau,Reckingen,224B
Grevels,hameau,Bertrange,224B
EWERT BUSCH,bois,Reckingen,224B
DIETERT,bois,Reckingen,224B
DUTSCHLET,bois,Bertrange,224B
Bommelscheyer,hameau,Niederkerschen,225A
BAU BUSCH,bois,Niederkerschen,225A
RUSSELS BUSCH,bois,Niederkerschen,225A
Moulin de Niederkerschen,moulin,Niederkerschen,225A
PRINCE BERG,montagne,Petange,225A
HANNEN BUSCH,bois,Sanem,225A
Moulin der Niderkorn,moulin,Niederkorn,225A
WABER BUSCH,bois,Soleuvre,225A
Oosterburn,hameau,Belvaux,225A
TITE BERG,montagne,Rodange,225A
Bs DE RODANGE,bois,Rodange,225A
GRUVEN BUSCH,bois,Differdange,225A
Bs DE DIFFERDANGE,bois,Differdange,225A
KOLBROUCK,montagne,Oberkorn,225A
Berrenser hoff,hameau,Belvaux,225A
REMERT BUSCH,bois,Limpach,225B
HERGEN BUSCH,bois,Limpach,225B
Bs DE MONDERCANGE,bois,Mondercange,225B
Bs DE SOLEUVRE,bois,Soleuvre,225B
GINTZEN KNOP,montagne,Reckingen,225B
Bs DE RECKINGEN,bois,Reckingen,225B
Bs D'EHLINGEN,bois,Ehlingen,225B
GROS KASEHL,bois,Ehlingen,225B
KLEIN KASEHL,bois,Ehlingen,225B
WICKRINGEN,hameau,Ehlingen,225B
WETZ,chateau,Mondercange,225B
Bs de Bettembourg,bois,Bettembourg,225B
Mittendall,hameau,Steinbrücken,225B
Dumont hoff,hameau,Schifflange,225B
LALLING,hameau,Schifflange,225B
Lammeischer Muhlen,moulin,Bergem,225B
HINDEN HAUS,bois,Esch-sur-Alzette,225B
Bervard,chateau,Esch-sur-Alzette,225B
Bs DE TETTINGEN,bois,Tetange,225BIS
Bs DE RUMELANGE,bois,Rumelange,225BIS
BEYLER,hameau,Malscheid,238A
LEYTHUMB,hameau,Malscheid,238A
WAMPACHER HARD,bois,Weiswampach,238A
SCHWIRTZBERG,bois,Weiswampach,238A
STALBOECHEL,montagne,Weiswampach,238A
SINDT SCHEID,bois,Weiswampach,238A
STEINBERG,feld,Weiswampach,238A
HILTZENBERG,heide,Weiswampach,238A
HOFFWALD,bois,Weiswampach,238A
HOLLER BERG,montagne,Holler,238A
HOLLER WALD,bois,Holler,238A
AUF DEM FEHSSER KNOP,heide,Lieler,238A
LIELER BUSCH,bois,Lieler,238A
DENSCHELS BUSCH,bois,Lieler,238A
LIRRENHEIDT,montagne,Hupperdange,239A
GRANDHAUSEN,hameau,Hupperdange,239A
GRAENTZER,montagne,Hupperdange,239A
AUF DEM MUHLENWEG,montagne,Heinerscheid,239A
CALBORN,hameau,Heinerscheid,239A
RITHS BUSCH,bois,Heinerscheid,239A
DEL BUSCH,bois,Heinerscheid,239A
HEIDT,montagne,Fischbach,239A
DREY HUFFLEN,montagne,Fischbach,239A
OB DER REDER,montagne,Fischbach,239A
KERSSEL BERG,montagne,Roder,239A
RODERSBERG,montagne,Roder,239A
RODERHOUST,montagne,Roder,239A
IN DEN STRONG,bois,Marnach,239A
OB HART,montagne,Marnach,239A
BOURSCHEIDT,bois,Dorscheid,239A
AUF DER HEID,montagne,Dorscheid,239A
KETSCHBACH,montagne,Hosingen,239A
ROLHECK,montagne,Hosingen,239A
BONERT,montagne,Hosingen,239A
AUF DER HÖHE,montagne,Hosingen,239A
ULISMUNSTER,bois,Rodershausen,239A
BUSCHERIG,montagne,Rodershausen,239A
AUF DER HOLTZTHUMBER HÖHE,montagne,Holzthum,240A
AUF DER VANG,montagne,Holzthum,240A
AUF DER SPERS,montagne,Eisenbach,240A
NEURODER,montagne,Eisenbach,240A
NEURODER,bois,Eisenbach,240A
AUF DER PFLACKS,montagne,Eisenbach,240A
PFLACKS,bois,Eisenbach,240A
DUCKT,bois,Wahlhausen,240A
AUF DER OOST,bois,Holzthum,240A
ROTHECK,montagne,Wahlhausen,240A
STEINBUSCH,montagne,Nachtmanderscheid,240A
CLECK,montagne,Nachtmanderscheid,240A
RUNDENWALD,montagne,Nachtmanderscheid,240A
BOSCHET,bois,Nachtmanderscheid,240A
RUNDEN BUSCH,bois,Nachtmanderscheid,240A
HEIMERBERG,feld,Nachtmanderscheid,240A
LANDSCHEID,hameau,Nachtmanderscheid,240A
MUHLEN BERG,feld,Gralingen,240A
Moulin de Gralingen,moulin,Gralingen,240A
PUD BUSCH,bois,Gralingen,240A
ABERGST,montagne,Gralingen,240A
PRINSEN BERG,feld,Hoscheid,240A
SPITZIGEN KNOPF,montagne,Hoscheid,240A
FRIDT BUSCH,bois,Hoscheid,240A
KNAP BUSCH,bois,Hoscheid,240A
Schlinder Muhl,moulin,Schlindermanderscheid,240A
SCHLINDERBERG,montagne,Schlindermanderscheid,240A
Fiegst,hameau,Schlindermanderscheid,240A
RODENHECK,bois,Wahlhausen,240B
GASTROFF,montagne,Stolzembourg,240B
NICOLAUS BERG,heide,Nachtmanderscheid,240B
BEY DEM RUNDEN BUSCH,montagne,Nachtmanderscheid,240B
Eillenbaum,tree,Walsdorf,240B
BORRENDELL,montagne,Walsdorf,240B
ERDKAUL,montagne,Walsdorf,240B
SCHWEINER,montagne,Bourscheid,241A
AUF DEM KREITZ KOPF,montagne,Bourscheid,241A
Heilige Bock,tree,Bourscheid,241A
LAUERBERG,montagne,Bourscheid,241A
IN DEM SCHACK,bois,Bourscheid,241A
IUNGER WALD,bois,Welscheid,241A
WOLFSKOPF,montagne,Welscheid,241A
MIRSCHEITERWALD,bois,Welscheid,241A
SCHEIDEL,hameau,Welscheid,241A
AUFFLÖSCHLEUD,montagne,Welscheid,241A
BOURKNOPF,montagne,Niederfeulen,241A
Moulin de Niderfeulen,moulin,Niederfeulen,241A
KOCHERT,montagne,Niederfeulen,241A
LOMBERT,montagne,Ettelbruck,241A
ETTELBRUCKBUSCH,bois,Ettelbruck,241A
Amdeig,hameau,Ettelbruck,241A
Lohmuhlen,moulin,Niederwarken,241A
AUF DER HARD,bois,Erpeldingen,241A
KIRCHHECK,bois,Erpeldingen,241A
SCHUTZ DELL,feld,Erpeldingen,241A
FRIEDBUSCH,bois,Burden,241A
BIRDERWALD,bois,Burden,241A
ASTER DELL,montagne,Burden,241A
EILENT BUSCH,bois,Michelau,241A
REIMESBUR WALD,bois,Michelau,241A
IUNGENBUSCH,bois,Ingeldorf,241A
DIEKIRCHER HART,bois,Ingeldorf,241A
FRIEDBUSCH,bois,Brandenbourg,241A
Cappen hof,hameau,Brandenbourg,241A
CEP,montagne,Brandenbourg,241A
SCHEID,montagne,Brandenbourg,241A
ANDSCHEID,hameau,Brandenbourg,241A
Maxberg,hermitage,Longsdorf,241B
Tandelbreck,feld,Bastendorf,241B
BASTENDORFBUSCH,bois,Tandel,241B
AUF DER SCHANZ,montagne,Fouhren,241B
HEICHLER BUSCH,bois,Bettendorf,241B
AUF DER HÖHE,montagne,Bettendorf,241B
HERBERG,montagne,Diekirch,241B
Blees Muhlen,moulin,Diekirch,241B
KORTENBUSCH,bois,Folkendange,241B
Mosingehoff,hameau,Folkendange,241B
Brucherhoff,hameau,Folkendange,241B
Neu Muhlen,moulin,Folkendange,241B
Reyser Muhlen,moulin,Folkendange,241B
GALGENBERG,montagne,Moestrof,241B
KOPF BUSCH,bois,Moestrof,241B
IUNGEN BUSCH,bois,Moestrof,241B
HASENBERG,feld,Eppeldorf,241B
Bs DE GRAENTZINGEN,bois,Grentzing,242A
Ch. de Birtrange,chateau,Grentzing,242A
OBER SCHYREN,hameau,Niederschieren,242A
SCHYREN,montagne,Niederschieren,242A
LANGERT,bois,Berg,242A
VELS DORF,hameau,Berg,242A
Feiricher,pont,Berg,242A
COLMAR,hameau,Berg,242A
COLMAR,montagne,Berg,242A
SCHLEYDERBERG,montagne,Berg,242A
BEISTEN,hameau,Berg,242A
BERGERHART,bois,Berg,242A
BEISTER,bois,Michelbach,242A
STEINNECH KERT,bois,Michelbach,242A
GEIS MUHLEN,hameau,Berg,242A
LELLING,bois,Berg,242A
Lellinger hoff,hameau,Berg,242A
EUBISCH,montagne,Berg,242A
ALTEN WALD,bois,Berg,242A
SCEITTER,bois,Bissen,242A
Seiler hoff,hameau,Schrondweiler,242A
AUF DER HÖHE,montagne,Schrondweiler,242A
SCHLEYDT,montagne,Cruchten,242A
ESSERBUSCH,bois,Cruchten,242A
BONGERS HAG,bois,Cruchten,242A
SCHIRENER BERG,montagne,Cruchten,242A
NIDER GLABACH,hameau,Oberglabach,242A
LAGSTER,bois,Bissen,242A
ROST,montagne,Bissen,242A
Bs DE MERSCH,bois,Reckange,242A
Frangkenscheir,hameau,Reckange,242A
Einelter,chapelle,Reckange,242A
ESSINGEN,hameau,Petten,242A
HONISCH,bois,Petten,242A
BERINGER KNOP,montagne,Beringen,242A
BERINGER WALD,bois,Beringen,242A
Greaen Feltz,fels,Beringen,242A
MERSCHER WALD,bois,Mersch,242A
BIRSBACH,hameau,Mersch,242A
UDINGEN,hameau,Mersch,242A
Brucher,hameau,Ernsdorf,242B
NEULAND,montagne,Ernsdorf,242B
MARSCHER BUSCH,bois,Ernsdorf,242B
ESSELBORN,bois,Haller,242B
Raischt,hameau,Haller,242B
Savilborn,hameau,Haller,242B
FASCHET,montagne,Medernach,242B
Rincken berg,montagne,Medernach,242B
SEITERT,bois,Stegen,242B
KEHNERT BERG,montagne,Nommern,242B
LOCK BERG,montagne,Nommern,242B
Eechelborn hoff,hameau,Nommern,242B
BIRIHELT,montagne,Larochette,242B
Ledenbach hoff,hameau,Larochette,242B
Scherffen hoff,hameau,Larochette,242B
ELSSENBETT,montagne,Larochette,242B
Weidertter hoff,hameau,Larochette,242B
FELTZER HOCH,bois,Ernzen,242B
Moulin de Heffingen,moulin,Heffingen,242B
SEITERT BUSCH,bois,Heffingen,242B
Wukelscheid,hameau,Fischbach,242B
HOCH,montagne,Fischbach,242B
BIRSBACH,hameau,Rollingen,243A
MERSCHER WALD,bois,Rollingen,243A
Roche de Rollingen,fels,Rollingen,243A
WICHTERGEN,montagne,Rollingen,243A
RECKINGEN WALD,bois,Reckange,243A
MERSCHER WALD,bois,Mersch,243A
MERSCHER WALD,bois,Hollenfels,243A
Roche d'Eisch,fels,Mersch,243A
Fontain Gumenbour,fontaine,Mersch,243A
Bs DE MARIENTHAL,bois,Hollenfels,243A
KOLBACH,hameau,Hollenfels,243A
Bs DE MARIENTHAL,bois,Keispelt,243A
Bs DE SCHONFELTZ,bois,Schoenfels,243A
GOSSELDINGEN,hameau,Lintgen,243A
ROSTEN,hameau,Lintgen,243A
HOL WALD,bois,Lintgen,243A
HEDERSCHEID,montagne,Lintgen,243A
Bs de HEDERSCHEID,bois,Lintgen,243A
PRETTINGEN,hameau,Lintgen,243A
Mgne DE PRETTINGEN,montagne,Lintgen,243A
Colmesch Muht,hameau,Hunsdorf,243A
PLEYSCHEYTER HAMBACH,bois,Helmdange,243A
KOHLENBERG,montagne,Blachette,243A
AUF DER HUGT,bois,Heisdorf,243A
HEISDORFER BERG,montagne,Heisdorf,243A
Bs DE HELSEN,bois,Helmsange,243A
Papeterie,industrie,Fischbach,243B
Moulin de Fischbach,moulin,Fischbach,243B
SEITERT,bois,Fischbach,243B
LANGEN GRUND,bois,Fischbach,243B
BREISCHET,montagne,Koedingen,243B
HILSSEN,montagne,Koedingen,243B
HAERTGEN,montagne,Koedingen,243B
SCHWEIN BUSCH,bois,Godbrange,243B
DAELLEN BUSCH,bois,Godbrange,243B
Belenner hoff,hameau,Godbrange,243B
BIGEL BERG,feld,Godbrange,243B
BIRGEN BUSCH,bois,Altlinster,243B
DER KOPF,montagne,Blachette,243B
Rashoff,hameau,Blachette,243B
OMBERING,hameau,Blachette,243B
Neu Muhl,moulin,Blachette,243B
Klingen Scheier,hameau,Blachette,243B
Ousfelscheier,hameau,Eisenborn,243B
AUF DER KLECK,montagne,Eisenborn,243B
BIEGER BERG,feld,Bourglinster,243B
Diefchugdages Muhl,moulin,Bourglinster,243B
EYGELS,bois,Bourglinster,243B
DENNEN BERG,feld,Junglinster,243B
REGIGS BERG,feld,Junglinster,243B
AUF DEM BERG,hameau,Junglinster,243B
LAUTERBUR,hameau,Junglinster,243B
WELBERING,montagne,Junglinster,243B
GEHAURIG,bois,Gonderange,243B
WEMMERCH,bois,Gonderange,243B
DER KLEINER ELSERT,montagne,Bourglinster,243B
FEICH BUSCH,bois,Ernster,243B
Engels hoff,hameau,Ernster,243B
ERENSTER BERG,feld,Ernster,243B
RUMELDANGE,village,Ernster,243B
COLLES BACH,bois,Ernster,243B
Bs DE HELSEN,bois,Walferdange,244A
BEGEN,hameau,Bereldange,244A
Papeterie de Dumeldange,industrie,Dommeldange,244A
Bs D'EICH,bois,Eich,244A
ROLLINGER GRAND,hameau,Luxembourg,244A
EYEN BERG,feld,Luxembourg,244A
ROUMELS BERG,montagne,Luxembourg,244A
BAUM BUSCH,bois,Luxembourg,244A
Bs DE STRASSEN,bois,Luxembourg,244A
Schanz,hameau,Luxembourg,244A
Neu Max Muhl,moulin,Luxembourg,244A
Weimers hoff,hameau,Weimerskirch,244A
Peters Port,porte,Weimerskirch,244A
Siehen Hauser,hameau,Weimerskirch,244A
Capelle,chapelle,Weimerskirch,244A
Porte d'Eich,porte,Luxembourg,244A
Porte des malades,porte,Luxembourg,244A
TINTEN BERG,montagne,Luxembourg,244A
Porte de Grunenwald,porte,Luxembourg,244A
Porte Neuve,porte,Luxembourg,244A
Porte de Mansfeld,porte,Luxembourg,244A
Porte du Chateau,porte,Luxembourg,244A
Porte de Treves,porte,Luxembourg,244A
Porte de Thionville,porte,Luxembourg,244A
Jungbluts hoff,hameau,Luxembourg,244A
Daubenfeld,hameau,Luxembourg,244A
Fetschenhoff,hameau,Luxembourg,244A
Sttudenten Feltz,feld,Luxembourg,244A
Pulver Muhlen,moulin,Luxembourg,244A
Ch. de Mandsfeldt,chateau,Luxembourg,244A
Moulin de Bonnevoye,moulin,Bonnevoie,244A
BOUCHOLS,bois,Itzig,244A
Moulin de Hesperange,moulin,Hesperange,244A
Bs DE HESPERANGE,bois,Hesperange,244A
GASPERICH,hameau,Hollerich,244A
ZESSINGEN,hameau,Hollerich,244A
DIETERT,bois,Bertrange,244A
Moulin de Merl,moulin,Merl,244A
BAUM HOLTZGEN,bois,Merl,244A
Bs DE ZESSINGEN,bois,Leudelange,244A
LE LONG BOIS,bois,Leudelange,244A
Schteven hoff,hameau,Leudelange,244A
OBER ANVEN,hameau,Hostert,244B
GROMECH,montagne,Hostert,244B
Fontaine Weis,fontaine,Senningen,244B
MUNSTER BUSCH,bois,Senningen,244B
BLOCHENBERG,montagne,Senningen,244B
FRANSOSEN GRUND,hameau,Senningen,244B
UBER SIEREN,hameau,Munsbach,244B
GEHAUEN BUSCH,bois,Senningen,244B
Birel,hameau,Sandweiler,244B
Grevenscheur,hameau,Sandweiler,244B
GRONDIGER BERG,montagne,Schuttrange,244B
NEUHEUSGEN,hameau,Schuttrange,244B
SCHEITTER HARD,montagne,Schuttrange,244B
SCHEITTER HARD,bois,Schuttrange,244B
Boch Muhlen,moulin,Schrassig,244B
ROTENBUSCH,bois,Schrassig,244B
Bey dem Oetringer Bruck,pont,Oetrange,244B
Kackert,hameau,Oetrange,244B
Grüntgen,hameau,Oetrange,244B
CREWINCKEL,bois,Oetrange,244B
HOFFELDT,montagne,Oetrange,244B
RUNDEN BUSCH,bois,Moutfort,244B
Fond d'Ersingen,feld,Moutfort,244B
ERSINGEN,hameau,Moutfort,244B
GEHEHLHIEGT,montagne,Moutfort,244B
Pleiteringer hoff,hameau,Moutfort,244B
Mittbacher Muhlen,moulin,Contern,244B
Neu Muhl,moulin,Contern,244B
Brücher,hameau,Contern,244B
MEDING,hameau,Contern,244B
BOUCHHOLTZ,bois,Contern,244B
ROTSCHER,bois,Leudelange,245A
Kokelscheur,etang,Leudelange,245A
Kokkelscheur,hameau,Leudelange,245A
Bs DE FENTINGEN,bois,Fentange,245A
Bs DE VEINGEN,bois,Bivange,245A
Bs DE BERCHEM,bois,Berchem,245A
Stockigen Busch,hermitage,Livange,245A
STOCKIGEN BUSCH,bois,Livange,245A
Bs DE BETTEMBOURG,bois,Abweiler,245A
Moulin de Berchem,moulin,Berchem,245A
Roeser Thal,vallée,Roeser,245A
Bs DE ROESER,bois,Roeser,245A
OBERSTEN,bois,Crauthem,245A
Bs DE HELLINGEN,bois,Hellange,245A
Krackels hoff,hameau,Bettembourg,245A
johannes Berg,hermitage,Budersberg,245A
Bs DE WEILER LA TOUR,bois,Weiler-la-Tour,245B
Bs DE HASSEL,bois,Hassel,245B
BOCKHOLTZ,bois,Syren,245B
Heidscheuer,hameau,Dalheim,245B
Gondlinger,hameau,Dalheim,245B
DELWEIS,bois,Welfrange,245B
BEZTORF,bois,Hassel,245B
SEITERT,bois,Aspelt,245B
Krakels hoff,hameau,Aspelt,245B
HOF,bois,Frisange,245B
Ley Muhl,moulin,Altwies,245B
Hinrichs Muhl,moulin,Altwies,245B
Bs DE DUDELANGE,bois,Dudelange,245Bis
AUF DER KLOPPEN,montagne,Dudelange,245Bis
LANGENBERG,bois,Dudelange,245Bis
AUF DEM BLAUM KOOP,montagne,Dudelange,245Bis
Bs DE DUDELANGE,bois,Dudelange,245Bis
Bs DE DUDELANGE,bois,Dudelange,245Bis
HASEN BERG,montagne,Reisdorf,256A
AUF DER LEHRGEN,montagne,Beaufort,256A
Michels Kirch,ruines,Beaufort,256A
Grund hoff,hameau,Beaufort,256A
Grund Muhl,moulin,Beaufort,256A
LANG BUSCH,bois,Haller,256A
Hartt hoff,hameau,Haller,256A
Lief bach,fleuve,Haller,256A
Dominics Muhl,moulin,Beaufort,256A
SEYTERT,bois,Haller,256A
HOWALD,bois,Waldbillig,256A
MEDERNACHER HÖCHT,montagne,Waldbillig,256A
DICKEN BUSCH,bois,Berdorf,256A
Birckelt,hameau,Berdorf,256A
GRBRANDEN BUSCH,bois,Berdorf,256A
FRIMHOLTZ BUSCH,bois,Berdorf,256A
IN DEN STEIN,montagne,Berdorf,256A
Doostert hoff,hameau,Berdorf,256A
Kalkes Bach,hameau,Consdorf,256A
Hungers hoff,hameau,Consdorf,256A
Lauterburer Bach,fleuve,Consdorf,256A
Roders hoff,hameau,Consdorf,256A
Roswinckel,hameau,Consdorf,256A
Wolcker hoff,hameau,Consdorf,256A
SEITERT BUSCH,bois,Consdorf,256A
KOMER BUSCH,bois,Hersberg,256A
EHNEL BUSCH,bois,Consdorf,256A
Ober Muhl,moulin,Waldbillig,256A
Unter Muhl,moulin,Waldbillig,256A
SEITERT BUSCH,bois,Consdorf,256A
Gemein hoff,hameau,Breidweiler,256A
Stoppel hoff,hameau,Colbette,256A
Laschetter hoff,hameau,Colbette,256A
FRIED BUSCH,bois,Colbette,256A
IACOBS BERG,montagne,Bech,256A
Feltzer Mühl,moulin,Echternach,256B
Schlim Mühl,moulin,Echternach,256B
Wolfs Mühl,feld,Echternach,256B
Ohlbach,fleuve,Echternach,256B
Melingh,hameau,Echternach,256B
Oligs Muhl,moulin,Echternach,256B
Nonen Mühl,moulin,Echternach,256B
Foll Muhl,moulin,Echternach,256B
Litschen,hameau,Echternach,256B
IRRELS BERG,bois,Echternach,256B
THULLBERG,montagne,Echternach,256B
HIREN BERG,montagne,Echternach,256B
HART BERG,bois,Echternach,256B
LAUTERBUR,hameau,Echternach,256B
HIRTZ BERG,montagne,Bech,256B
DUNEN BUSCH,bois,Echternach,256B
Alwen Weyer,etang,Osweiler,256B
Rothen hoff,hameau,Osweiler,256B
Fehl hoff,hameau,Osweiler,256B
IN DER HOLL,montagne,Osweiler,256B
AUF DEN GRECHTEN,montagne,Osweiler,256B
Frumburg,hameau,Osweiler,256B
KREITZER BERG,montagne,Osweiler,256B
Puppenbach,fleuve,Osweiler,256B
DIKWEILLER,hameau,Osweiler,256B
DIKWEILLER BUSCH,bois,Osweiler,256B
VANESSEN BERG,montagne,Osweiler,256B
MEIS BUSCH,bois,Osweiler,256B
KALLEN BERG,montagne,Osweiler,256B
MOMPACHER WALD,bois,Mompach,256B
PAFFEN BERG,montagne,Mompach,256B
GYWENICHER BERG,montagne,Mompach,256B
GYWENICHER WALD,bois,Mompach,256B
Auf der Schantz,hameau,Zittig,257A
Roden Scheur,hameau,Rippig,257A
BERBOURGER WALD,bois,Boudler,257A
Weidert hoff,hameau,Boudler,257A
Preimerbach,fleuve,Boudler,257A
AUF GEYSER,montagne,Beidweiler,257A
GRAUENBERG,montagne,Beidweiler,257A
IGEL LOCH,bois,Beidweiler,257A
FEUR BUSCH,bois,Beidweiler,257A
ESCHWEILLER,hameau,Beidweiler,257A
UNTER SCHLEYDT,montagne,Beidweiler,257A
BIWER WALD,bois,Biwer,257A
TEUFELS WALD,bois,Biwer,257A
Moulin de Rodenbourg,moulin,Rodenbourg,257A
AFFLERBUSCH,bois,Berg,257A
MORH BUSCH,bois,Flaxweiler,257A
HART BUSCH,bois,Flaxweiler,257A
WÜRTEN BERG,montagne,Flaxweiler,257A
WÜRTEN BUSCH,bois,Flaxweiler,257A
BETZDORF BUSCH,bois,Flaxweiler,257A
GREVENMACHER BUSCH,bois,Berg,257A
RASBUSCH,bois,Berg,257A
RASBUSCH,bois,Wecker,257A
SPESSEM WALD,bois,Berbourg,257B
SCHEUERBERG,montagne,Berbourg,257B
KEMPEL BUSCH,bois,Herborn,257B
HERBERNER WALD,bois,Herborn,257B
HERBERNER WALD,bois,Givenich,257B
BUSER HÖH,montagne,Berbourg,257B
WEIN BERG,montagne,Lellig,257B
FUHR MOND,montagne,Lellig,257B
FAUSSEN BERG,montagne,Lellig,257B
MUNSSCHECKER BERG,montagne,Manternach,257B
SCHLEYDTBERG,montagne,Mertert,257B
GRAU HOLTZ,bois,Mertert,257B
BOKSBERG,montagne,Mertert,257B
FLOHR,montagne,Grevenmacher,257B
HART BUSCH,bois,Grevenmacher,257B
GREVENMACHER BUSCH,bois,Grevenmacher,257B
Johannesbach,fleuve,Grevenmacher,257B
CREUTZ BERG,montagne,Grevenmacher,257B
Creutz Capelle,chapelle,Grevenmacher,257B
Siechenbacher Thall,vallée,Grevenmacher,257B
Siechenbach,fleuve,Grevenmacher,257B
Stodenbach,fleuve,Grevenmacher,257B
VIRTEN BERG,bois,Mensdorf,258A
VIRTEN BERG,montagne,Mensdorf,258A
VAT HOLTZ,bois,Mensdorf,258A
SCHVEIGENBACH,bois,Mensdorf,258A
KRECKELBERG,montagne,Mensdorf,258A
UBER SIEREN,hameau,Munsbach,258A
Pottage hoff,hameau,Flaxweiler,258A
Spittel hoff,hameau,Flaxweiler,258A
BEYER HOLTZ,bois,Beyren,258A
Kappenacker hoff,hameau,Beyren,258A
BEYER HOLTZ,bois,Beyren,258A
GOSTINGER BERG,montagne,Gostingen,258A
DONVENER BUSCH,bois,Gostingen,258A
BIEGET,bois,Gostingen,258A
CANACHER WEIN BERG,montagne,Canach,258A
BOURG,montagne,Canach,258A
Forschen hoff,hameau,Canach,258A
LENNINGEN WEIN BERG,montagne,Lenningen,258A
EYNER WEIN BERG,montagne,Ehnen,258A
GREWELDINGER WEIN BERG,montagne,Greiveldange,258A
Grein Muhl,moulin,Greiveldange,258A
GEIS BERG,montagne,Greiveldange,258A
Dieferter Klaus,hameau,Greiveldange,258A
REY BUSCH,bois,Greiveldange,258A
GEBRANNTEN BUSCH,bois,Greiveldange,258A
BRANNEN BUSCH,bois,Greiveldange,258A
Eyllerey,hameau,Greiveldange,258A
EYLLEN BERG,montagne,Greiveldange,258A
GEHEHL HIEGT,montagne,Moutfort,258A
MOTTFERTER WALD,bois,Moutfort,258A
HOFFELDT,montagne,Moutfort,258A
Hackenberg,hameau,Moutfort,258A
HOLBERT,bois,Canach,258A
BEYER HOLTZ,bois,Canach,258A
GRONDIGER BERG,feld,Schrassig,258A
Dieser Muhl,moulin,Machtum,258B
Fron Ey hoff,hameau,Machtum,258B
EICHENBERG,montagne,Machtum,258B
Ahnerbach,fleuve,Oberdonven,258B
SCHEIDT BERG,montagne,Niederdonven,258B
AUFF SCHIDT,montagne,Wormeldange,258B
GASBERG,montagne,Wormeldange,258B
EYLLEN BERG,montagne,Roodt,259A
Hesbourger hoff,hameau,Roodt,259A
REY BUSCH,bois,Roodt,259A
ASSEL,hameau,Bous,259A
ROLLINGEN,hameau,Bous,259A
REMICHER WALD,bois,Remich,259A
HEBELBERG,montagne,Erpeldange,259A
EMERINGEN,hameau,Erpeldange,259A
NEUNKIRCHEN,village,Erpeldange,259A
Reckinger,hameau,Erpeldange,259A
SCHEIBERG,montagne,Kleinmacher,259A
RECHELTER BERG,montagne,Wellenstein,259A
COPPEN BUSCH,bois,Ellange,259A
Froh Muhl,moulin,Emerange,259A
BOKS BERG,montagne,Wasserbillig,270
Wolfsbach,fleuve,Wasserbillig,270
Langsur Muhl,moulin,Wasserbillig,270